0x8b0890,CP,ObjTypeID,PaletteID,TileConfigID,MapID,Anims1,Anims2,MapChangesID,Fog,N/A,Chapter Title,N/A,Initial coord,N/A,Weather,BattleBG,DifficultyBonus,Player Phase BGM,Enemy Phase BGM,NPC BGM,N/A (Player Battle BGM),N/A (Enemy Battle BGM),N/A (Ally Battle BGM),Player Phase BGM Flag 4,Enemy Phase BGM Flag 4,N/A (Preparation BGM),N/A,N/A,Wall HP,N/A,N/A,N/A,N/A,N/A,N/A,N/A,N/A,N/A,N/A,N/A,N/A,N/A,N/A,N/A,N/A,Convoy Split,N/A,N/A,N/A,N/A,N/A,N/A,N/A,N/A,N/A,N/A,N/A,N/A,N/A,N/A,N/A,N/A,N/A,N/A,N/A,N/A,N/A,ChName,N/A (ChName),EventsID,WMEventsID,N/A,N/A,N/A,N/A,N/A,N/A,N/A,N/A,N/A,N/A,ChNumber,N/A,N/A,N/A,N/A,N/A,Foes for Victory BGM,Dark Before Initial Event,StatusObjectiveText,GoalWindowText,GoalWindowInfo,Turns to Defend,Unit to Defend,Withdrawal Point,N/A,N/A,N/A,N/A
Prologue I,0x81c32c8,0x1,0x2,0x3,0x4,0x5,0x0,0x6,0x0,0x0,0x0,0x0,7,12,0x1,0x1,0x1A0,0x62,0x94,0x62,0x3E0,0xFFFF,0xEC,0x9,0xffff,0x3DC,0xffff,0xffff,10,5,5,5,5,6,6,6,6,7,7,7,7,8,8,8,8,0,100,100,100,100,80,80,80,80,60,60,60,60,40,40,40,40,0,1060,1060,1060,1060,0x160,0x160,0x7,0x1,0x0,0x0,0x0,0x0,0x0,0x0,0x0,0x0,0x0,0x0,0x0,0x0,0xff,0xff,0x0,0x0,0x1,0x1,0x1a5,0x1a1,0x0,0,0x0,0,2,0x1d,0x0,0x0
1-1,0x81c32cc,0x1,0x2,0x3,0x8,0x5,0x0,0x9,0x0,0x0,0x1,0x0,1,0,0x1,0x1,0x3A0,0x143,0x20E,0x143,0x3E0,0xFFFF,0xEC,0xffff,0xffff,0x3DC,0xffff,0xffff,50,5,5,5,5,6,6,6,6,7,7,7,7,8,8,8,8,0,100,100,100,100,80,80,80,80,60,60,60,60,40,40,40,40,0,1060,1060,1060,1060,0x161,0x161,0xa,0x2,0x0,0x0,0x0,0x0,0x0,0x0,0x0,0x0,0x0,0x0,0x2,0x0,0xff,0xff,0x0,0x0,0x1,0x0,DefeatCh1LongObj,DefeatBossObj,0x3,0,0x0,255,0,0x18,0x0,0x0
1-2,0x81c32d0,0x1,0x2,0x3,0xb,0x5,0x0,0xc,0x0,0x0,0x2,0x0,1,0,0x1,0x1,0x370,0x12D,0x12D,0x12D,0x3E0,0x3d8,0xEC,0x204,0x204,0x3DC,0xffff,0xffff,50,5,5,5,5,6,6,6,6,7,7,7,7,8,8,8,8,0,100,100,100,100,80,80,80,80,60,60,60,60,40,40,40,40,0,1060,1060,1060,1060,0x162,0x162,0xd,0x3,0x0,0x0,0x0,0x0,0x0,0x0,0x0,0x0,0x0,0x0,0x4,0x0,0xff,0xff,0x0,0x0,0x1,0x1,Ch2LongObj,EscapeObj,0x2,11,0x0,255,0,0x3,0x0,0x0
1-3,0x81c32d4,0xe,0xf,0x10,0x11,0x12,0x0,0x13,0x0,0x0,0x3,0x0,8,10,0x2,0x1,0x370,0x13A,0x205,0x13A,0x3E0,0xFFFF,0xEC,0xffff,0xffff,0x3DC,0xffff,0xffff,25,5,5,5,5,6,6,6,6,7,7,7,7,8,8,8,8,0,100,100,100,100,80,80,80,80,60,60,60,60,40,40,40,40,0,1060,1060,1060,1060,0x163,0x163,0x14,0x4,0x0,0x0,0x0,0x0,0x0,0x0,0x0,0x0,0x0,0x0,0x6,0x0,0xff,0xff,0x0,0x0,0x1,0x1,SeizeCh3LongObj,SeizeCh3,0x0,0,0x0,11,0,0x28,0x0,0x0
1-5,0x81c32d8,0x1,0x2,0x3,0x15,0x5,0x0,0x16,0x0,0x0,0x4,0x0,1,0,0x2,0x1,0x350,0x12F,0x12F,0x12F,0x3E0,0x3d8,0xEC,0x2bb,0x2bb,0x3DC,0xffff,0xffff,30,5,5,5,5,6,6,6,6,7,7,7,7,8,8,8,8,0,100,100,100,100,80,80,80,80,60,60,60,60,40,40,40,40,0,1060,1060,1060,1060,0x164,0x164,0x17,0x5,0x0,0x0,0x0,0x0,0x0,0x0,0x0,0x0,0x0,0x0,0xA,0x0,0xff,0xff,0x0,0x0,0x1,0x1,DefendCh4LongObj,DefendCh4Obj,0x2,11,0x0,0,4,0x18,0x0,0x0
1-6,0x81c32dc,0x18,0x19,0x1a,0x1b,0x1c,0x0,0x1d,0x0,0x0,0x5,0x0,1,0,0x1,0x1,0x370,0x64,0x206,0x64,0x3E0,0xFFFF,0xEC,0xffff,0xffff,0x3DC,0xffff,0xffff,25,5,5,5,5,6,6,6,6,7,7,7,7,8,8,8,8,0,100,100,100,100,80,80,80,80,60,60,60,60,40,40,40,40,0,1060,1060,1060,1060,0x165,0x165,0x1e,0x6,0x0,0x0,0x0,0x0,0x0,0x0,0x0,0x0,0x0,0x0,0xC,0x0,0xff,0xff,0x0,0x0,0x1,0x1,DefeatBossObj,DefeatBossObj,0x3,0,0x0,255,0,0xc,0x0,0x0
1-F,0x81c32e0,0xe,0xf,0x10,0x1f,0x12,0x0,0x20,0x0,0x0,0x6,0x0,2,16,0x0,0x1,0x350,0x3E3,0x3E3,0x3E4,0x3E0,0x3d8,0x5D,0x3b1,0xf3,0x93,0xffff,0xffff,40,5,5,5,5,6,6,6,6,7,7,7,7,8,8,8,8,0,100,100,100,100,80,80,80,80,60,60,60,60,40,40,40,40,0,1060,1060,1060,1060,0x166,0x166,0x21,0x7,0x0,0x0,0x0,0x0,0x0,0x0,0x0,0x0,0x0,0x0,0x10,0x0,0xff,0xff,0x0,0x0,0x1,0x1,SecureCh6LongObj,SecureCh6Obj,0x2,13,0x4b,15,6,0x5,0x0,0x0
2-1,0x81c32e4,0x1,0x2,0x3,0x22,0x0,0x0,0x23,0x0,0x0,0x7,0x0,4,4,0x0,0x1,0x240,DreamingBGM,DreamingBGM,DreamingBGM,ConfidenceBGM,ChaseOfShadowBGM,0x118,0xffff,0xffff,0x153,0xffff,0xffff,15,5,5,5,5,6,6,6,6,7,7,7,7,8,8,8,8,1,100,100,100,100,80,80,80,80,60,60,60,60,40,40,40,40,0,1060,1060,1060,1060,0x167,0x167,0x24,0x8,0x0,0x0,0x0,0x0,0x0,0x0,0x0,0x0,0x0,0x0,0x1A,0x0,0xff,0xff,0x0,0x0,0x1,0x1,Ch7LongObj,RoutRescueObj,0x2,14,0x0,255,0,0x1a,0x0,0x0
1-1x,0x81c32e8,0x1,0x2,0x3,0x25,0x5,0x0,0x26,0x0,0x0,0x8,0x0,7,7,0x1,0x1,0x350,0x152,0x152,0x152,0x3E0,0x3d8,0xEC,0xffff,0xffff,0x34,0xffff,0xffff,15,5,5,5,5,6,6,6,6,7,7,7,7,8,8,8,8,0,100,100,100,100,80,80,80,80,60,60,60,60,40,40,40,40,0,1060,1060,1060,1060,0x168,0x168,0x27,0x9,0x0,0x0,0x0,0x0,0x0,0x0,0x0,0x0,0x0,0x0,0x3,0x0,0xff,0xff,0x0,0x0,0x1,0x1,DaeTriangularStrategem,RoutObj,0x1,0,0x0,255,0,0x18,0x0,0x0
2-4,0x81c32ec,0x18,0x19,0x1a,0x28,0x1c,0x0,0x29,0x0,0x0,0x9,0x0,7,7,0x2,0x1,0x240,0x3cb,0x3cb,0x3cb,ConfidenceBGM,ChaseOfShadowBGM,0x118,0xffff,0xffff,0x153,0xffff,0xffff,50,5,5,5,5,6,6,6,6,7,7,7,7,8,8,8,8,1,100,100,100,100,80,80,80,80,60,60,60,60,40,40,40,40,0,1060,1060,1060,1060,0x169,0x169,0x2a,0xa,0x0,0x0,0x0,0x0,0x0,0x0,0x0,0x0,0x0,0x0,0x1C,0x0,0xff,0xff,0x0,0x0,0x1,0x0,Ch8LongObj,EscapeObj,0x2,21,0x0,0,8,0xc,0x0,0x0
2-6,0x81c32f0,0xe,0xf,0x10,0x2b,0x0,0x0,0x2c,0x0,0x0,0xa,0x0,7,7,0x1,0x1,0x240,0x1B5,0x1B5,0x1B5,ConfidenceBGM,ChaseOfShadowBGM,0x5D,0xffff,0xffff,0x153,0xffff,0xffff,50,5,5,5,5,6,6,6,6,7,7,7,7,8,8,8,8,1,100,100,100,100,80,80,80,80,60,60,60,60,40,40,40,40,0,1060,1060,1060,1060,0x16a,0x16a,0x2d,0xb,0x0,0x0,0x0,0x0,0x0,0x0,0x0,0x0,0x0,0x0,0x20,0x0,0xff,0xff,0x0,0x0,0x1,0x1,Ch9ObjLong,Ch9ObjShort,0x3,0,0x0,22,4,0x7,0x0,0x0
2-2 REAL,0x81c32f4,0x2e,0x2f,0x30,0x31,0x54,0x0,0x32,0x0,0x0,0xb,0x0,8,15,0x0,0x1,0x240,FieldBGM,FieldBGM,FieldBGM,ConfidenceBGM,ChaseOfShadowBGM,0x118,0x3C8,0x3C8,0x153,0xffff,0xffff,50,5,5,5,5,6,6,6,6,7,7,7,7,8,8,8,8,1,100,100,100,100,80,80,80,80,60,60,60,60,40,40,40,40,0,1060,1060,1060,1060,0x16b,0x16b,0x33,0xc,0x0,0x0,0x0,0x0,0x0,0x0,0x0,0x0,0x0,0x0,0x1C,0x0,0xff,0xff,0x0,0x0,0x1,0x1,Ch10ObjLong,DefendObj,0x2,9,Radcliff,17,0,0x1d,0x0,0x0
Prologue II,0x81c32f8,0x2e,0x34,0x30,0x35,0x0,0x0,0x36,0x0,0x0,0xc,0x0,5,4,0x0,0x1,0x130,0x152,0x152,0x152,ConfidenceBGM,ChaseOfShadowBGM,0x118,0xffff,0xffff,0x153,0xffff,0xffff,20,5,5,5,5,6,6,6,6,7,7,7,7,8,8,8,8,1,100,100,100,100,80,80,80,80,60,60,60,60,40,40,40,40,0,1060,1060,1060,1060,0x16c,0x16c,0x37,0xd,0x0,0x0,0x0,0x0,0x0,0x0,0x0,0x0,0x0,0x0,0x12,0x0,0xff,0xff,0x0,0x0,0x1,0x0,Ch7LongObj2,EscapeRescueObj,0x4,0,0x0,0,5,0x1d,0x0,0x0
3-4,0x81c32fc,0x1,0x38,0x3,0x39,0x5,0x0,0x3a,0x0,0x0,0xd,0x0,8,8,0x0,0x1,0x350,0x149,0x149,0x149,ConfidenceBGM,ChaseOfShadowBGM,0x118,0x148,0x148,0x148,0xffff,0xffff,30,5,5,5,5,6,6,6,6,7,7,7,7,8,8,8,8,2,100,100,100,100,80,80,80,80,60,60,60,60,40,40,40,40,0,1060,1060,1060,1060,0x16d,0x16d,0x3b,0xe,0x0,0x0,0x0,0x0,0x0,0x0,0x0,0x0,0x0,0x0,0x1E,0x0,0xff,0xff,0x0,0x0,0x1,0x1,0x1b0,ConquerObj,0x2,25,0x0,255,0,0x18,0x0,0x0
3-5 hayebreak,0x81c3300,0x18,0x19,0x1A,0x3f,0x0,0x0,0x40,0x0,0x0,0xe,0x0,1,0,0x0,0x1,0x350,0xc5,0xc5,0xc5,ConfidenceBGM,ChaseOfShadowBGM,0x118,0xffff,0xffff,0xb,0xffff,0xffff,50,5,5,5,5,6,6,6,6,7,7,7,7,8,8,8,8,2,100,100,100,100,80,80,80,80,60,60,60,60,40,40,40,40,0,1060,1060,1060,1060,0x16e,0x16e,0x41,0xf,0x0,0x0,0x0,0x0,0x0,0x0,0x0,0x0,0x0,0x0,0x20,0x0,0xff,0xff,0x0,0x0,0x1,0x1,0x1b1,DefeatDuoObj,0x0,0,0x0,255,0,0x2a,0x0,0x0
0F 1-7,0x81c3304,0x42,0x43,0x44,0x45,0x5,0x0,0x46,0x0,0x0,0xf,0x0,13,6,0x1,0x1,0x350,0x12e,0x105,0x12e,0x3E0,0xFFFF,0x5D,0xffff,0xffff,0x3DC,0xffff,0xffff,40,5,5,5,5,6,6,6,6,7,7,7,7,8,8,8,8,0,100,100,100,100,80,80,80,80,60,60,60,60,40,40,40,40,0,1060,1060,1060,1060,0x16f,0x16f,0x47,0x10,0x0,0x0,0x0,0x0,0x0,0x0,0x0,0x0,0x0,0x0,0xE,0x0,0xff,0xff,0x0,0x0,0x1,0x1,P1BonusObj,P1BonusObjShort,0x2,10,0x0,29,22,0x30,0x0,0x0
2-5,0x81c3308,0x18,0x48,0x1a,0x49,0x1c,0x0,0x4a,0x0,0x0,0x10,0x0,1,0,0x1,0x1,0x240,0xC0,0xC0,0xC0,ConfidenceBGM,ChaseOfShadowBGM,0xEC,0xffff,0xffff,0x153,0xffff,0xffff,25,5,5,5,5,6,6,6,6,7,7,7,7,8,8,8,8,1,100,100,100,100,80,80,80,80,60,60,60,60,40,40,40,40,0,1060,1060,1060,1060,0x170,0x170,0x4b,0x11,0x0,0x0,0x0,0x0,0x0,0x0,0x0,0x0,0x0,0x0,0x1E,0x0,0xff,0xff,0x0,0x0,0x1,0x1,P2BonusObj,EscapeObj,0x2,15,0xCE,255,0,0xc,0x0,0x0
11 3-1,0x81c330c,0x1,0x4c,0x3,0x4d,0x5,0x0,0x4e,0x0,0x0,0x11,0x0,1,0,0x0,0x1,0x350,0xd9,0xd9,0xd9,ConfidenceBGM,ChaseOfShadowBGM,0x118,0xffff,0xffff,0xb,0xffff,0xffff,50,5,5,5,5,6,6,6,6,7,7,7,7,8,8,8,8,1,100,100,100,100,80,80,80,80,60,60,60,60,40,40,40,40,0,1060,1060,1060,1060,0x171,0x171,0x4f,0x12,0x0,0x0,0x0,0x0,0x0,0x0,0x0,0x0,0x0,0x0,0x22,0x0,0xff,0xff,0x0,0x0,0x1,0x1,0x1b4,0x19d,0x3,0,0x0,255,0,0x18,0x0,0x0
12 3-2 radiant dawn moment,0x81c3310,0x50,0x51,0x52,0x53,0x0,0x0,0x55,0x0,0x0,0x12,0x0,1,27,0x2,0x1,0x240,0xe0,0x3c8,0xe0,ConfidenceBGM,0x1F0,0xf,0xffff,0xffff,0xb,0xffff,0xffff,25,5,5,5,5,6,6,6,6,7,7,7,7,8,8,8,8,1,100,100,100,100,80,80,80,80,60,60,60,60,40,40,40,40,0,1060,1060,1060,1060,0x172,0x172,0x56,0x13,0x0,0x0,0x0,0x0,0x0,0x0,0x0,0x0,0x0,0x0,0x24,0x0,0xff,0xff,0x0,0x0,0x1,0x1,DefeatUlrichObj,DefeatBossObj,0x3,0,0x0,255,0,0x32,0x0,0x0
13 1-4 NEW??!!,0x81c3314,0x42,0x43,0x44,0x8,0x0,0x0,0x9,0x0,0x0,0x13,0x0,5,10,0x1,0x1,0x240,0x3c1,0x3c1,0x3c1,0x3E0,0x3d8,0xEC,0x3c5,0x3c5,0x3DC,0xffff,0xffff,15,5,5,5,5,6,6,6,6,7,7,7,7,8,8,8,8,0,100,100,100,100,80,80,80,80,60,60,60,60,40,40,40,40,0,1060,1060,1060,1060,0x173,0x173,0x5a,0x14,0x0,0x0,0x0,0x0,0x0,0x0,0x0,0x0,0x0,0x0,0x8,0x0,0xff,0xff,0x0,0x0,0x1,0x0,Ch4NewObjLong,EscortSeizeObj,0x2,13,0x0,255,0,0xb,0x0,0x0
14 2-7 haye sussy fight/?!?11,0x81c3318,0x50,0xCE,0x52,0x5c,0x5,0x0,0x5d,0x0,0x0,0x14,0x0,9,22,0x2,0x1,0x240,0x149,0x149,0x149,ConfidenceBGM,ChaseOfShadowBGM,0x118,0x148,0x148,0x153,0xffff,0xffff,15,5,5,5,5,6,6,6,6,7,7,7,7,8,8,8,8,1,100,100,100,100,80,80,80,80,60,60,60,60,40,40,40,40,0,1060,1060,1060,1060,0x174,0x174,0x5e,0x15,0x0,0x0,0x0,0x0,0x0,0x0,0x0,0x0,0x0,0x0,0x22,0x0,0xff,0xff,0x0,0x0,0x1,0x1,DaeTriangularStrategem2,RoutObj,0x1,11,0x0,255,0,0x31,0x0,0x0
15 Final Ch 1 Eirika,0x81c331c,0x5f,0x60,0x61,0x62,0x0,0x0,0x63,0x0,0x0,0x15,0x0,12,20,0x0,0x1,0x350,0xe,0x16,0xf,0xe,0x16,0xf,0xffff,0xffff,0xb,0xffff,0xffff,50,5,5,5,5,6,6,6,6,7,7,7,7,8,8,8,8,1,100,100,100,100,80,80,80,80,60,60,60,60,40,40,40,40,0,1060,1060,1060,1060,0x175,0x175,0x64,0x16,0x0,0x0,0x0,0x0,0x0,0x0,0x0,0x0,0x0,0x0,0x2a,0x0,0xff,0xff,0x0,0x0,0x0,0x1,0x1b8,0x19d,0x3,0,0x0,255,0,0x34,0x0,0x0
16 Final Ch 2 Erika,0x81c3320,0x5f,0x60,0x61,0x65,0x0,0x0,0x66,0x0,0x0,0x16,0x0,12,6,0x0,0x1,0x350,0x45,0x16,0xf,0x45,0x16,0xf,0xffff,0xffff,0xb,0xffff,0xffff,50,5,5,5,5,6,6,6,6,7,7,7,7,8,8,8,8,1,100,100,100,100,80,80,80,80,60,60,60,60,40,40,40,40,0,1060,1060,1060,1060,0x176,0x176,0x67,0x17,0x0,0x0,0x0,0x0,0x0,0x0,0x0,0x0,0x0,0x0,0x2b,0x0,0xff,0xff,0x0,0x0,0x0,0x1,0x1b9,0x19d,0x3,0,0x0,255,0,0x34,0x0,0x0
17 Ch 9 Ephraim,0x81c3328,0x3c,0x68,0x3e,0x69,0x0,0x0,0x6a,0x0,0x0,0x17,0x0,19,10,0x0,0x1,0x350,0xc,0x14,0xf,0xc,0x14,0xf,0xffff,0xffff,0xb,0xffff,0xffff,50,5,5,5,5,6,6,6,6,7,7,7,7,8,8,8,8,1,100,100,100,100,80,80,80,80,60,60,60,60,40,40,40,40,0,1060,1060,1060,1060,0x177,0x177,0x6b,0x18,0x0,0x0,0x0,0x0,0x0,0x0,0x0,0x0,0x0,0x0,0x12,0x0,0xff,0xff,0x0,0x0,0x1,0x1,0x1ba,0x1a1,0x0,0,0x0,255,0,0x26,0x0,0x0
18 Ch 10 Ephraim/Bethroen,0x81c332c,0x6c,0x6d,0x6e,0x6f,0x5,0x0,0x70,0x0,0x0,0x18,0x0,1,0,0x0,0x1,0x350,0xc,0x14,0xf,0xc,0x14,0xf,0xffff,0xffff,0xb,0xffff,0xffff,50,5,5,5,5,6,6,6,6,7,7,7,7,8,8,8,8,0,100,100,100,100,80,80,80,80,60,60,60,60,40,40,40,40,0,1060,1060,1060,1060,0x178,0x178,0x71,0x19,0x0,0x0,0x0,0x0,0x0,0x0,0x0,0x0,0x0,0x0,0x14,0x0,0xff,0xff,0x0,0x0,0x1,0x1,0x1bb,0x19c,0x2,11,0x1d,255,0,0x7,0x0,0x0
19 Ch 12 Ephraim,0x81c3330,0xe,0x72,0x10,0x73,0x12,0x0,0x74,0x0,0x0,0x19,0x0,8,21,0x0,0x1,0x350,0xc,0x14,0xf,0xc,0x14,0xf,0xffff,0xffff,0xb,0xffff,0xffff,50,5,5,5,5,6,6,6,6,7,7,7,7,8,8,8,8,0,100,100,100,100,80,80,80,80,60,60,60,60,40,40,40,40,0,1060,1060,1060,1060,0x179,0x179,0x75,0x1a,0x0,0x0,0x0,0x0,0x0,0x0,0x0,0x0,0x0,0x0,0x18,0x0,0xff,0xff,0x0,0x0,0x1,0x1,0x1bd,0x19d,0x3,0,0x0,255,0,0x7,0x0,0x0
1A Ch 13 Ephraim/Za'abadul Marsh,0x81c3334,0x1,0x2,0x3,0x76,0x5,0x0,0x77,0x0,0x0,0x1a,0x0,15,14,0x0,0x1,0x350,0xc,0x14,0xf,0xc,0x14,0xf,0xffff,0xffff,0xb,0xffff,0xffff,50,5,5,5,5,6,6,6,6,7,7,7,7,8,8,8,8,0,100,100,100,100,80,80,80,80,60,60,60,60,40,40,40,40,0,1060,1060,1060,1060,0x17a,0x17a,0x78,0x1b,0x0,0x0,0x0,0x0,0x0,0x0,0x0,0x0,0x0,0x0,0x1a,0x0,0xff,0xff,0x0,0x0,0x1,0x0,0x1be,0x19e,0x1,0,0x0,255,0,0x18,0x0,0x0
1B Ch 14 Ephraim,0x81c3338,0x79,0x7a,0x7b,0x7c,0x7d,0x0,0x7e,0x0,0x0,0x1b,0x0,1,0,0x0,0x1,0x350,0xc,0x14,0xf,0xc,0x14,0xf,0xffff,0xffff,0xb,0xffff,0xffff,50,5,5,5,5,6,6,6,6,7,7,7,7,8,8,8,8,0,100,100,100,100,80,80,80,80,60,60,60,60,40,40,40,40,0,1060,1060,1060,1060,0x17b,0x17b,0x7f,0x1c,0x0,0x0,0x0,0x0,0x0,0x0,0x0,0x0,0x0,0x0,0x1c,0x0,0xff,0xff,0x0,0x0,0x1,0x1,0x1bf,0x1a1,0x0,0,0x0,255,0,0xc,0x0,0x0
1C Ch 15 Ephraim,0x81c333c,0x42,0x43,0x44,0x45,0x5,0x0,0x46,0x0,0x0,0x1c,0x0,13,4,0x0,0x1,0x350,0xc,0x14,0xf,0xc,0x14,0xf,0xffff,0xffff,0xb,0xffff,0xffff,50,5,5,5,5,6,6,6,6,7,7,7,7,8,8,8,8,0,100,100,100,100,80,80,80,80,60,60,60,60,40,40,40,40,0,1060,1060,1060,1060,0x17c,0x17c,0x80,0x1d,0x0,0x0,0x0,0x0,0x0,0x0,0x0,0x0,0x0,0x0,0x1e,0x0,0xff,0xff,0x0,0x0,0x1,0x1,0x1b2,0x19e,0x1,0,0x0,255,0,0x30,0x0,0x0
1D Ch 16 Ephraim,0x81c3340,0x18,0x48,0x1a,0x49,0x1c,0x0,0x4a,0x0,0x0,0x1d,0x0,1,0,0x0,0x1,0x350,0xd,0x15,0xf,0xd,0x15,0xf,0xffff,0xffff,0xb,0xffff,0xffff,50,5,5,5,5,6,6,6,6,7,7,7,7,8,8,8,8,0,100,100,100,100,80,80,80,80,60,60,60,60,40,40,40,40,0,1060,1060,1060,1060,0x17d,0x17d,0x81,0x1e,0x0,0x0,0x0,0x0,0x0,0x0,0x0,0x0,0x0,0x0,0x20,0x0,0xff,0xff,0x0,0x0,0x1,0x1,0x1b3,0x1a1,0x0,0,0x0,255,0,0xc,0x0,0x0
1E Ch 17 Ephraim/Narube River,0x81c3344,0x1,0x4c,0x3,0x4d,0x5,0x0,0x4e,0x0,0x0,0x1e,0x0,1,0,0x0,0x1,0x350,0xd,0x15,0xf,0xd,0x15,0xf,0xffff,0xffff,0xb,0xffff,0xffff,50,5,5,5,5,6,6,6,6,7,7,7,7,8,8,8,8,0,100,100,100,100,80,80,80,80,60,60,60,60,40,40,40,40,0,1060,1060,1060,1060,0x17e,0x17e,0x82,0x1f,0x0,0x0,0x0,0x0,0x0,0x0,0x0,0x0,0x0,0x0,0x22,0x0,0xff,0xff,0x0,0x0,0x1,0x1,0x1b4,0x19d,0x3,0,0x0,255,0,0x18,0x0,0x0
1F Ch 18 Ephraim/Neleras Peak,0x81c3348,0x50,0x51,0x52,0x53,0x0,0x54,0x55,0x0,0x0,0x1f,0x0,1,27,0x0,0x1,0x350,0xd,0x15,0xf,0xd,0x15,0xf,0xffff,0xffff,0xb,0xffff,0xffff,50,5,5,5,5,6,6,6,6,7,7,7,7,8,8,8,8,0,100,100,100,100,80,80,80,80,60,60,60,60,40,40,40,40,0,1060,1060,1060,1060,0x17f,0x17f,0x83,0x20,0x0,0x0,0x0,0x0,0x0,0x0,0x0,0x0,0x0,0x0,0x24,0x0,0xff,0xff,0x0,0x0,0x1,0x1,0x1b5,0x19e,0x1,0,0x0,255,0,0x32,0x0,0x0
20 Ch 19 Ephraim,0x81c334c,0x18,0x57,0x1a,0x58,0x1c,0x0,0x59,0x3,0x0,0x20,0x0,17,11,0x0,0x1,0x350,0x11,0x18,0x11,0x11,0x18,0x11,0xffff,0xffff,0xb,0xffff,0xffff,50,5,5,5,5,6,6,6,6,7,7,7,7,8,8,8,8,0,100,100,100,100,80,80,80,80,60,60,60,60,40,40,40,40,0,1060,1060,1060,1060,0x180,0x180,0x84,0x21,0x0,0x0,0x0,0x0,0x0,0x0,0x0,0x0,0x0,0x0,0x26,0x0,0xff,0xff,0x0,0x0,0x1,0x1,0x1b6,0x19c,0x2,14,0xc8,255,0,0xc,0x0,0x0
21 Ch 20 Ephraim,0x81c3350,0x1,0x5b,0x3,0x5c,0x5,0x0,0x5d,0x0,0x0,0x21,0x0,12,12,0x0,0x1,0x350,0xd,0x15,0xf,0xd,0x15,0xf,0xffff,0xffff,0xb,0xffff,0xffff,50,5,5,5,5,6,6,6,6,7,7,7,7,8,8,8,8,0,100,100,100,100,80,80,80,80,60,60,60,60,40,40,40,40,0,1060,1060,1060,1060,0x181,0x181,0x85,0x22,0x0,0x0,0x0,0x0,0x0,0x0,0x0,0x0,0x0,0x0,0x28,0x0,0xff,0xff,0x0,0x0,0x1,0x1,0x1b7,0x1a0,0x0,0,0x0,255,0,0x31,0x0,0x0
2-3,0x81c3354,0x88,0x89,0x8a,0x62,0x0,0x0,0x63,0x0,0x0,0x22,0x0,9,20,0x1,0x1,0x240,0xC2,0xC2,0xC2,ConfidenceBGM,ChaseOfShadowBGM,0x118,0xffff,0xffff,0x153,0xffff,0xffff,25,5,5,5,5,6,6,6,6,7,7,7,7,8,8,8,8,1,100,100,100,100,80,80,80,80,60,60,60,60,40,40,40,40,0,1060,1060,1060,1060,0x182,0x182,0x86,0x23,0x0,0x0,0x0,0x0,0x0,0x0,0x0,0x0,0x0,0x0,0x16,0x0,0xff,0xff,0x0,0x0,0x0,0x1,ChP2C2LongObj,EscapeObj,0x2,13,0x0,2,0,0x34,0x0,0x0
2-F ARCANE BRIDGE,0x81c3358,0x50,0xCE,0x52,0x65,0x0,0x0,0x66,0x0,0x0,0x23,0x0,38,9,0x2,0x1,0x240,FinalShowdownBGM,FinalShowdownBGM,FinalShowdownBGM,ConfidenceBGM,ChaseOfShadowBGM,0x5D,0xffff,0xffff,0x93,0xffff,0xffff,20,5,5,5,5,6,6,6,6,7,7,7,7,8,8,8,8,1,100,100,100,100,80,80,80,80,60,60,60,60,40,40,40,40,0,1060,1060,1060,1060,0x183,0x183,0x87,0x24,0x0,0x0,0x0,0x0,0x0,0x0,0x0,0x0,0x0,0x0,0x24,0x0,0xff,0xff,0x0,0x0,0x0,0x1,DaeTriangularStrategem,RoutObj,0x1,0,0x0,255,0,0x34,0x0,0x0
24 Tower of Valni 1,0x81c3360,0x88,0x89,0x8a,0x8b,0x0,0x0,0x8c,0x0,0x0,0x24,0x0,1,0,0x0,0x1,0x350,0x12,0x17,0xf,0x12,0x17,0xf,0xffff,0xffff,0xb,0xffff,0xffff,50,5,5,5,5,6,6,6,6,7,7,7,7,8,8,8,8,0,100,100,100,100,80,80,80,80,60,60,60,60,40,40,40,40,0,1060,1060,1060,1060,0x184,0x184,0x8d,0x25,0x0,0x0,0x0,0x0,0x0,0x0,0x0,0x0,0x0,0x0,0x2,0x0,0xff,0xff,0x0,0x0,0x1,0x1,0x1c0,0x19e,0x1,0,0x0,255,0,0x9,0x0,0x0
25 Tower of Valni 2,0x81c3364,0x88,0x89,0x8a,0x8e,0x0,0x0,0x8f,0x0,0x0,0x25,0x0,1,0,0x0,0x1,0x350,0x12,0x17,0xf,0x12,0x17,0xf,0xffff,0xffff,0xb,0xffff,0xffff,50,5,5,5,5,6,6,6,6,7,7,7,7,8,8,8,8,0,100,100,100,100,80,80,80,80,60,60,60,60,40,40,40,40,0,1060,1060,1060,1060,0x185,0x185,0x90,0x26,0x0,0x0,0x0,0x0,0x0,0x0,0x0,0x0,0x0,0x0,0x4,0x0,0xff,0xff,0x0,0x0,0x1,0x1,0x1c0,0x19e,0x1,0,0x0,255,0,0x9,0x0,0x0
26 UNUSED TOWER OF VALNI 3,0x81c3368,0x50,0x51,0x52,0x91,0x0,0x0,0x92,0x0,0x0,0x26,0x0,1,0,0x0,0x1,0x130,0x3dd,0xe9,0x3dd,0x3E0,0x3d8,0xEC,0xffff,0xffff,0xb,0xffff,0xffff,50,5,5,5,5,6,6,6,6,7,7,7,7,8,8,8,8,1,100,100,100,100,80,80,80,80,60,60,60,60,40,40,40,40,0,1060,1060,1060,1060,0x186,0x186,0x93,0x27,0x0,0x0,0x0,0x0,0x0,0x0,0x0,0x0,0x0,0x0,0xB,0x0,0xff,0xff,0x0,0x0,0x0,0x1,FinalGaidenObj,SurviveObj,0x2,11,0x0,255,0,0x9,0x0,0x0
27 Tower of Valni 4,0x81c336c,0x88,0x89,0x8a,0x94,0x0,0x0,0x95,0x0,0x0,0x27,0x0,1,0,0x0,0x1,0x350,0x12,0x17,0xf,0x12,0x17,0xf,0xffff,0xffff,0xb,0xffff,0xffff,50,5,5,5,5,6,6,6,6,7,7,7,7,8,8,8,8,0,100,100,100,100,80,80,80,80,60,60,60,60,40,40,40,40,0,1060,1060,1060,1060,0x187,0x187,0x96,0x28,0x0,0x0,0x0,0x0,0x0,0x0,0x0,0x0,0x0,0x0,0x8,0x0,0xff,0xff,0x0,0x0,0x1,0x1,0x1c0,0x19e,0x1,0,0x0,255,0,0x9,0x0,0x0
28 Tower of Valni 5,0x81c3370,0x88,0x89,0x8a,0x97,0x0,0x0,0x98,0x0,0x0,0x28,0x0,1,0,0x0,0x1,0x350,0x12,0x17,0xf,0x12,0x17,0xf,0xffff,0xffff,0xb,0xffff,0xffff,50,5,5,5,5,6,6,6,6,7,7,7,7,8,8,8,8,0,100,100,100,100,80,80,80,80,60,60,60,60,40,40,40,40,0,1060,1060,1060,1060,0x188,0x188,0x99,0x29,0x0,0x0,0x0,0x0,0x0,0x0,0x0,0x0,0x0,0x0,0xa,0x0,0xff,0xff,0x0,0x0,0x1,0x1,0x1c0,0x19e,0x1,0,0x0,255,0,0x9,0x0,0x0
29 Tower of Valni 6,0x81c3374,0x88,0x89,0x8a,0x9a,0x0,0x0,0x9b,0x0,0x0,0x29,0x0,1,0,0x0,0x1,0x350,0x12,0x17,0xf,0x12,0x17,0xf,0xffff,0xffff,0xb,0xffff,0xffff,50,5,5,5,5,6,6,6,6,7,7,7,7,8,8,8,8,0,100,100,100,100,80,80,80,80,60,60,60,60,40,40,40,40,0,1060,1060,1060,1060,0x189,0x189,0x9c,0x2a,0x0,0x0,0x0,0x0,0x0,0x0,0x0,0x0,0x0,0x0,0xc,0x0,0xff,0xff,0x0,0x0,0x1,0x1,0x1c0,0x19e,0x1,0,0x0,255,0,0x9,0x0,0x0
2A Tower of Valni 7,0x81c3378,0x88,0x89,0x8a,0x9d,0x0,0x0,0x9e,0x0,0x0,0x2a,0x0,1,0,0x0,0x1,0x350,0x12,0x17,0xf,0x12,0x17,0xf,0xffff,0xffff,0xb,0xffff,0xffff,50,5,5,5,5,6,6,6,6,7,7,7,7,8,8,8,8,0,100,100,100,100,80,80,80,80,60,60,60,60,40,40,40,40,0,1060,1060,1060,1060,0x18a,0x18a,0x9f,0x2b,0x0,0x0,0x0,0x0,0x0,0x0,0x0,0x0,0x0,0x0,0xe,0x0,0xff,0xff,0x0,0x0,0x1,0x1,0x1c0,0x19e,0x1,0,0x0,255,0,0x9,0x0,0x0
2B 2-7x haye 1v1,0x81c337c,0x50,0xCE,0x52,0xa0,0x0,0x0,0xa1,0x0,0x0,0x2b,0x0,11,6,0x5,0x1,0x130,0xe8,0xe8,0xe8,0xffff,0x17,0xf,0xffff,0xffff,0x93,0xffff,0xffff,50,5,5,5,5,6,6,6,6,7,7,7,7,8,8,8,8,0,100,100,100,100,80,80,80,80,60,60,60,60,40,40,40,40,0,1060,1060,1060,1060,0x18b,0x18b,0xa2,0x2c,0x0,0x0,0x0,0x0,0x0,0x0,0x0,0x0,0x0,0x0,0x23,0x0,0xff,0xff,0x0,0x0,0x0,0x1,DuelObjLong,DuelObj,0x4,0,0x0,255,0,0x9,0x0,0x0
2C Tower of Valni 8 (Cutscene),0x81c3380,0x88,0x89,0x8a,0xa0,0x0,0x0,0xa1,0x0,0x0,0x0,0x0,1,0,0x0,0xb,0x350,0xffff,0xffff,0xffff,0xffff,0xffff,0xffff,0xffff,0xffff,0xffff,0xffff,0xffff,50,0,0,0,0,0,0,0,0,0,0,0,0,0,0,0,0,0,0,0,0,0,0,0,0,0,0,0,0,0,0,0,0,0,0,0,0,0,0,0x0,0x0,0x0,0x0,0x0,0x0,0x0,0x0,0x0,0x0,0x0,0x0,0x0,0x0,0x0,0x0,0xff,0xff,0x0,0x0,0x0,0x0,0x0,0x0,0x0,0,0x0,255,0,0x0,0x0,0x0
2D Tower of Valni 8 (Cutscene 2),0x81c3380,0x88,0x89,0x8a,0xa0,0x0,0x0,0xa1,0x0,0x0,0x0,0x0,1,0,0x0,0xb,0x350,0xffff,0xffff,0xffff,0xffff,0xffff,0xffff,0xffff,0xffff,0xffff,0xffff,0xffff,50,0,0,0,0,0,0,0,0,0,0,0,0,0,0,0,0,0,0,0,0,0,0,0,0,0,0,0,0,0,0,0,0,0,0,0,0,0,0,0x0,0x0,0x0,0x0,0x0,0x0,0x0,0x0,0x0,0x0,0x0,0x0,0x0,0x0,0x0,0x0,0xff,0xff,0x0,0x0,0x0,0x0,0x0,0x0,0x0,0,0x0,255,0,0x0,0x0,0x0
2E Lagdou Ruins 1,0x81c3384,0x6c,0xa3,0x6e,0xa4,0x5,0x0,0xa5,0x0,0x0,0x2e,0x0,1,0,0x0,0xe,0x350,0x12,0x17,0xf,0x12,0x17,0xf,0xffff,0xffff,0xb,0xffff,0xffff,50,5,5,5,5,6,6,6,6,7,7,7,7,8,8,8,8,0,100,100,100,100,80,80,80,80,60,60,60,60,40,40,40,40,0,1060,1060,1060,1060,0x18e,0x18e,0xa6,0x2d,0x0,0x0,0x0,0x0,0x0,0x0,0x0,0x0,0x0,0x0,0x2,0x0,0xff,0xff,0x0,0x0,0x1,0x1,0x1c0,0x19e,0x1,0,0x0,255,0,0x9,0x0,0x0
2F Lagdou Ruins 2,0x81c3388,0x6c,0xa3,0x6e,0xa7,0x5,0x0,0xa8,0x0,0x0,0x2f,0x0,1,0,0x0,0xe,0x350,0x12,0x17,0xf,0x12,0x17,0xf,0xffff,0xffff,0xb,0xffff,0xffff,50,5,5,5,5,6,6,6,6,7,7,7,7,8,8,8,8,0,100,100,100,100,80,80,80,80,60,60,60,60,40,40,40,40,0,1060,1060,1060,1060,0x18f,0x18f,0xa9,0x2e,0x0,0x0,0x0,0x0,0x0,0x0,0x0,0x0,0x0,0x0,0x4,0x0,0xff,0xff,0x0,0x0,0x1,0x1,0x1c0,0x19e,0x1,0,0x0,255,0,0x9,0x0,0x0
30 Lagdou Ruins 3,0x81c338c,0x6c,0xa3,0x6e,0xaa,0x5,0x0,0xab,0x0,0x0,0x30,0x0,1,0,0x0,0xe,0x350,0x12,0x17,0xf,0x12,0x17,0xf,0xffff,0xffff,0xb,0xffff,0xffff,50,5,5,5,5,6,6,6,6,7,7,7,7,8,8,8,8,0,100,100,100,100,80,80,80,80,60,60,60,60,40,40,40,40,0,1060,1060,1060,1060,0x190,0x190,0xac,0x2f,0x0,0x0,0x0,0x0,0x0,0x0,0x0,0x0,0x0,0x0,0x6,0x0,0xff,0xff,0x0,0x0,0x1,0x1,0x1c0,0x19e,0x1,0,0x0,255,0,0x9,0x0,0x0
31 Lagdou Ruins 4,0x81c3390,0x6c,0xa3,0x6e,0xad,0x5,0x0,0xae,0x0,0x0,0x31,0x0,1,0,0x0,0xe,0x350,0x12,0x17,0xf,0x12,0x17,0xf,0xffff,0xffff,0xb,0xffff,0xffff,50,5,5,5,5,6,6,6,6,7,7,7,7,8,8,8,8,0,100,100,100,100,80,80,80,80,60,60,60,60,40,40,40,40,0,1060,1060,1060,1060,0x191,0x191,0xaf,0x30,0x0,0x0,0x0,0x0,0x0,0x0,0x0,0x0,0x0,0x0,0x8,0x0,0xff,0xff,0x0,0x0,0x1,0x1,0x1c0,0x19e,0x1,0,0x0,255,0,0x9,0x0,0x0
32 Lagdou Ruins 5,0x81c3394,0x6c,0xa3,0x6e,0xb0,0x5,0x0,0xb1,0x0,0x0,0x32,0x0,1,0,0x0,0xe,0x350,0x12,0x17,0xf,0x12,0x17,0xf,0xffff,0xffff,0xb,0xffff,0xffff,50,5,5,5,5,6,6,6,6,7,7,7,7,8,8,8,8,0,100,100,100,100,80,80,80,80,60,60,60,60,40,40,40,40,0,1060,1060,1060,1060,0x192,0x192,0xb2,0x31,0x0,0x0,0x0,0x0,0x0,0x0,0x0,0x0,0x0,0x0,0xa,0x0,0xff,0xff,0x0,0x0,0x1,0x1,0x1c0,0x19e,0x1,0,0x0,255,0,0x9,0x0,0x0
33 Lagdou Ruins 6,0x81c3398,0x6c,0xa3,0x6e,0xb3,0x5,0x0,0xb4,0x0,0x0,0x33,0x0,1,0,0x0,0xe,0x350,0x12,0x17,0xf,0x12,0x17,0xf,0xffff,0xffff,0xb,0xffff,0xffff,50,5,5,5,5,6,6,6,6,7,7,7,7,8,8,8,8,0,100,100,100,100,80,80,80,80,60,60,60,60,40,40,40,40,0,1060,1060,1060,1060,0x193,0x193,0xb5,0x32,0x0,0x0,0x0,0x0,0x0,0x0,0x0,0x0,0x0,0x0,0xc,0x0,0xff,0xff,0x0,0x0,0x1,0x1,0x1c0,0x19e,0x1,0,0x0,255,0,0x9,0x0,0x0
34 Lagdou Ruins 7,0x81c339c,0x6c,0xa3,0x6e,0xb6,0x5,0x0,0xb7,0x0,0x0,0x34,0x0,1,0,0x0,0xe,0x350,0x12,0x17,0xf,0x12,0x17,0xf,0xffff,0xffff,0xb,0xffff,0xffff,50,5,5,5,5,6,6,6,6,7,7,7,7,8,8,8,8,0,100,100,100,100,80,80,80,80,60,60,60,60,40,40,40,40,0,1060,1060,1060,1060,0x194,0x194,0xb8,0x33,0x0,0x0,0x0,0x0,0x0,0x0,0x0,0x0,0x0,0x0,0xe,0x0,0xff,0xff,0x0,0x0,0x1,0x1,0x1c0,0x19e,0x1,0,0x0,255,0,0x9,0x0,0x0
35 Lagdou Ruins 8,0x81c33a0,0x18,0xb9,0x1a,0xba,0x1c,0x0,0xbb,0x0,0x0,0x35,0x0,1,0,0x0,0xe,0x350,0x12,0x17,0xf,0x12,0x17,0xf,0xffff,0xffff,0xb,0xffff,0xffff,50,5,5,5,5,6,6,6,6,7,7,7,7,8,8,8,8,0,100,100,100,100,80,80,80,80,60,60,60,60,40,40,40,40,0,1060,1060,1060,1060,0x195,0x195,0xbc,0x34,0x0,0x0,0x0,0x0,0x0,0x0,0x0,0x0,0x0,0x0,0x10,0x0,0xff,0xff,0x0,0x0,0x1,0x1,0x1c0,0x19e,0x1,0,0x0,255,0,0x9,0x0,0x0
36 Lagdou Ruins 9,0x81c33a4,0x50,0x51,0x52,0xbd,0x0,0x54,0xbe,0x0,0x0,0x36,0x0,1,0,0x0,0x2,0x350,0x12,0x17,0xf,0x12,0x17,0xf,0xffff,0xffff,0xb,0xffff,0xffff,50,5,5,5,5,6,6,6,6,7,7,7,7,8,8,8,8,0,100,100,100,100,80,80,80,80,60,60,60,60,40,40,40,40,0,1060,1060,1060,1060,0x196,0x196,0xbf,0x35,0x0,0x0,0x0,0x0,0x0,0x0,0x0,0x0,0x0,0x0,0x12,0x0,0xff,0xff,0x0,0x0,0x1,0x1,0x1c0,0x19e,0x1,0,0x0,255,0,0x9,0x0,0x0
37 Lagdou Ruins 10,0x81c33a8,0x6c,0xa3,0x6e,0xc0,0x5,0x0,0xc1,0x0,0x0,0x37,0x0,1,0,0x0,0xe,0x350,0x12,0x17,0xf,0x12,0x17,0xf,0xffff,0xffff,0xb,0xffff,0xffff,50,5,5,5,5,6,6,6,6,7,7,7,7,8,8,8,8,0,100,100,100,100,80,80,80,80,60,60,60,60,40,40,40,40,0,1060,1060,1060,1060,0x197,0x197,0xc2,0x36,0x0,0x0,0x0,0x0,0x0,0x0,0x0,0x0,0x0,0x0,0x14,0x0,0xff,0xff,0x0,0x0,0x1,0x1,0x1c0,0x19e,0x1,0,0x0,255,0,0x9,0x0,0x0
38 Lords split up (glitchy map),0x81c33ac,0x1,0x2,0x3,0xc3,0x5,0x0,0xc4,0x0,0x0,0x38,0x0,1,0,0x0,0xe,0x350,0x9,0x13,0xf,0x9,0x13,0xf,0xffff,0xffff,0xb,0xffff,0xffff,50,5,5,5,5,6,6,6,6,7,7,7,7,8,8,8,8,0,100,100,100,100,80,80,80,80,60,60,60,60,40,40,40,40,0,1060,1060,1060,1060,0x198,0x198,0xc5,0x37,0x0,0x0,0x0,0x0,0x0,0x0,0x0,0x0,0x0,0x0,0x0,0x0,0xff,0xff,0x0,0x0,0x0,0x1,0x1c0,0x19e,0x1,0,0x0,255,0,0x9,0x0,0x0
39 Melkaen Coast,0x81c33b0,0x1,0x2,0x3,0xc6,0x5,0x0,0xc7,0x0,0x0,0x39,0x0,1,0,0x0,0x0,0x350,0xd,0x15,0xf,0xd,0x15,0xf,0xffff,0xffff,0xb,0xffff,0xffff,50,5,5,5,5,6,6,6,6,7,7,7,7,8,8,8,8,0,100,100,100,100,80,80,80,80,60,60,60,60,40,40,40,40,0,1060,1060,1060,1060,0x199,0x199,0xc8,0x38,0x0,0x0,0x0,0x0,0x0,0x0,0x0,0x0,0x0,0x0,0x0,0x0,0xff,0xff,0x0,0x0,0x1,0x0,0x1c0,0x19e,0x1,0,0x0,255,0,0x1d,0x0,0x0
3A Link Arena DAY HAYE fight,0x81c3380,0x50,0x51,0x52,0xCA,0x0,0x0,0x0,0x0,0x0,0x0,0x0,9,22,0x1,0x1,0x240,0x3b4,0x3b4,0x3b4,ConfidenceBGM,ChaseOfShadowBGM,0x118,0x2EE,0x2EE,0x153,0xffff,0xffff,15,5,5,5,5,6,6,6,6,7,7,7,7,8,8,8,8,1,100,100,100,100,80,80,80,80,60,60,60,60,40,40,40,40,0,1060,1060,1060,1060,0x174,0x174,0x5e,0x15,0x0,0x0,0x0,0x0,0x0,0x0,0x0,0x0,0x0,0x0,0x22,0x0,0xff,0xff,0x0,0x0,0x1,0x1,DaeTriangularStrategem2,RoutObj,0x1,11,0x0,255,0,0x0,0x0,0x0
3B The interesting map...,0x81c33b4,0xe,0xf,0x10,0xca,0x12,0x0,0x0,0x0,0x0,0x0,0x0,1,0,0x0,0x4,0x350,0x9,0x13,0xf,0x9,0x13,0xf,0xffff,0xffff,0xb,0xffff,0xffff,50,5,5,5,5,6,6,6,6,7,7,7,7,8,8,8,8,0,100,100,100,100,80,80,80,80,60,60,60,60,40,40,40,40,0,1060,1060,1060,1060,0x0,0x0,0xcb,0x0,0x0,0x0,0x0,0x0,0x0,0x0,0x0,0x0,0x0,0x0,0x0,0x0,0xff,0xff,0x0,0x0,0x0,0x0,0x1c0,0x19e,0x1,0,0x0,255,0,0x9,0x0,0x0
3C Debug map,0x81c33b8,0x1,0x2,0x3,0xcc,0x5,0x0,0x0,0x0,0x0,0x0,0x0,1,0,0x0,0x4,0x350,0x9,0x13,0xf,0x9,0x13,0xf,0xffff,0xffff,0xb,0xffff,0xffff,50,5,5,5,5,6,6,6,6,7,7,7,7,8,8,8,8,0,100,100,100,100,80,80,80,80,60,60,60,60,40,40,40,40,0,1060,1060,1060,1060,0x0,0x0,0xcd,0x0,0x0,0x0,0x0,0x0,0x0,0x0,0x0,0x0,0x0,0x0,0x0,0x0,0xff,0xff,0x0,0x0,0x0,0x0,0x1c0,0x19e,0x1,0,0x0,255,0,0x9,0x0,0x0
3D Interlude 1: Moonlight,0x81c33bc,0x3c,0xce,0x3e,0xcf,0x0,0x0,0xd0,0x3,0x0,0x3d,0x0,1,0,0x1,0xa,0x350,0x20,0x20,0x20,0x11,0x18,0xf,0xffff,0xffff,0xb,0xffff,0xffff,50,5,5,5,5,6,6,6,6,7,7,7,7,8,8,8,8,0,100,100,100,100,80,80,80,80,60,60,60,60,40,40,40,40,0,1060,1060,1060,1060,0x19a,0x19a,0xd1,0x39,0x0,0x0,0x0,0x0,0x0,0x0,0x0,0x0,0x0,0x0,0x16,0x0,0xff,0xff,0x0,0x0,0x0,0x0,0x2da,0x2da,0x0,0,0x0,255,0,0x1a,0x0,0x0
3E 1-fx GAIDEN,0x81c33c4,0x50,0x51,0x52,0xd2,0xd3,0x0,0xd4,0x0,0x0,0x3e,0x0,7,7,0x2,0x1,0x120,0x3dd,0xe9,0x3dd,0xEC,ConfidenceBGM,0xEC,0x4b,0xffff,0xb,0xffff,0xffff,50,5,5,5,5,6,6,6,6,7,7,7,7,8,8,8,8,0,100,100,100,100,80,80,80,80,60,60,60,60,40,40,40,40,0,1060,1060,1060,1060,0x19b,0x19b,0xd5,0x3a,0x0,0x0,0x0,0x0,0x0,0x0,0x0,0x0,0x0,0x0,0xF,0x0,0xff,0xff,0x0,0x0,0x1,0x1,FinalGaidenObj,SurviveObj,0x2,11,0x0,255,0,0x8,0x0,0x0
3F Grado castle,0x81c3380,0x1,0x2,0x3,0xd6,0x5,0x0,0x0,0x0,0x0,0x0,0x0,1,0,0x0,0x0,0x0,0xffff,0xffff,0xffff,0xffff,0xffff,0xffff,0xffff,0xffff,0xffff,0xffff,0xffff,50,0,0,0,0,0,0,0,0,0,0,0,0,0,0,0,0,0,0,0,0,0,0,0,0,0,0,0,0,0,0,0,0,0,0,0,0,0,0,0x0,0x0,0xc5,0x0,0x0,0x0,0x0,0x0,0x0,0x0,0x0,0x0,0x0,0x0,0x0,0x0,0xff,0xff,0x0,0x0,0x0,0x0,0x0,0x0,0x0,0,0x0,255,0,0x0,0x0,0x0
40 Renais castle,0x81c3380,0x1,0x2,0x3,0xd7,0x5,0x0,0x0,0x0,0x0,0x0,0x0,1,0,0x0,0x0,0x0,0xffff,0xffff,0xffff,0xffff,0xffff,0xffff,0xffff,0xffff,0xffff,0xffff,0xffff,50,0,0,0,0,0,0,0,0,0,0,0,0,0,0,0,0,0,0,0,0,0,0,0,0,0,0,0,0,0,0,0,0,0,0,0,0,0,0,0x0,0x0,0xc5,0x0,0x0,0x0,0x0,0x0,0x0,0x0,0x0,0x0,0x0,0x0,0x0,0x0,0xff,0xff,0x0,0x0,0x0,0x0,0x0,0x0,0x0,0,0x0,255,0,0x0,0x0,0x0
41 Caer Pelyn,0x81c3380,0x42,0x5b,0x44,0xd8,0x0,0x0,0x0,0x0,0x0,0x13,0x0,5,10,0x5,0x1,0x350,0x3c1,0x3c1,0x3c1,0x3c5,0x3c5,0x3c5,0x3c5,0x3c5,0x3DC,0xffff,0xffff,15,5,5,5,5,6,6,6,6,7,7,7,7,8,8,8,8,0,100,100,100,100,80,80,80,80,60,60,60,60,40,40,40,40,0,1060,1060,1060,1060,0x173,0x173,0x5a,0x14,0x0,0x0,0x0,0x0,0x0,0x0,0x0,0x0,0x0,0x0,0x8,0x0,0xff,0xff,0x0,0x0,0x1,0x0,ArriveLongObj,EscapeObj,0x2,21,0x0,255,0,0x0,0x0,0x0
42 Renais throne,0x81c3380,0x18,0x48,0x1a,0xd9,0x1c,0x0,0xda,0x0,0x0,0x0,0x0,1,0,0x0,0x0,0x0,0xffff,0xffff,0xffff,0xffff,0xffff,0xffff,0xffff,0xffff,0xffff,0xffff,0xffff,50,0,0,0,0,0,0,0,0,0,0,0,0,0,0,0,0,0,0,0,0,0,0,0,0,0,0,0,0,0,0,0,0,0,0,0,0,0,0,0x0,0x0,0xc5,0x0,0x0,0x0,0x0,0x0,0x0,0x0,0x0,0x0,0x0,0x0,0x0,0x0,0xff,0xff,0x0,0x0,0x0,0x0,0x0,0x0,0x0,0,0x0,255,0,0x0,0x0,0x0
43 Renais audience,0x81c3380,0x18,0x48,0x1a,0xdb,0x1c,0x0,0x0,0x0,0x0,0x0,0x0,1,0,0x0,0x0,0x0,0xffff,0xffff,0xffff,0xffff,0xffff,0xffff,0xffff,0xffff,0xffff,0xffff,0xffff,50,0,0,0,0,0,0,0,0,0,0,0,0,0,0,0,0,0,0,0,0,0,0,0,0,0,0,0,0,0,0,0,0,0,0,0,0,0,0,0x0,0x0,0xc5,0x0,0x0,0x0,0x0,0x0,0x0,0x0,0x0,0x0,0x0,0x0,0x0,0x0,0xff,0xff,0x0,0x0,0x0,0x0,0x0,0x0,0x0,0,0x0,255,0,0x0,0x0,0x0
44 Renval gate,0x81c3380,0x18,0x19,0x1a,0xdc,0x1c,0x0,0x0,0x0,0x0,0x0,0x0,1,0,0x0,0x0,0x0,0xffff,0xffff,0xffff,0xffff,0xffff,0xffff,0xffff,0xffff,0xffff,0xffff,0xffff,50,0,0,0,0,0,0,0,0,0,0,0,0,0,0,0,0,0,0,0,0,0,0,0,0,0,0,0,0,0,0,0,0,0,0,0,0,0,0,0x0,0x0,0xc5,0x0,0x0,0x0,0x0,0x0,0x0,0x0,0x0,0x0,0x0,0x0,0x0,0x0,0xff,0xff,0x0,0x0,0x0,0x0,0x0,0x0,0x0,0,0x0,255,0,0x0,0x0,0x0
45 Grado borders,0x81c3380,0x1,0x2,0x3,0xdd,0x5,0x0,0x0,0x0,0x0,0x0,0x0,1,0,0x0,0x0,0x0,0xffff,0xffff,0xffff,0xffff,0xffff,0xffff,0xffff,0xffff,0xffff,0xffff,0xffff,50,0,0,0,0,0,0,0,0,0,0,0,0,0,0,0,0,0,0,0,0,0,0,0,0,0,0,0,0,0,0,0,0,0,0,0,0,0,0,0x0,0x0,0xc5,0x0,0x0,0x0,0x0,0x0,0x0,0x0,0x0,0x0,0x0,0x0,0x0,0x0,0xff,0xff,0x0,0x0,0x0,0x0,0x0,0x0,0x0,0,0x0,255,0,0x0,0x0,0x0
46 Grado prison,0x81c3380,0x79,0x7a,0x7b,0xde,0x7d,0x0,0xdf,0x0,0x0,0x0,0x0,1,0,0x0,0x0,0x0,0xffff,0xffff,0xffff,0xffff,0xffff,0xffff,0xffff,0xffff,0xffff,0xffff,0xffff,50,0,0,0,0,0,0,0,0,0,0,0,0,0,0,0,0,0,0,0,0,0,0,0,0,0,0,0,0,0,0,0,0,0,0,0,0,0,0,0x0,0x0,0xc5,0x0,0x0,0x0,0x0,0x0,0x0,0x0,0x0,0x0,0x0,0x0,0x0,0x0,0xff,0xff,0x0,0x0,0x0,0x0,0x0,0x0,0x0,0,0x0,255,0,0x0,0x0,0x0
47 Grado shrine (Past),0x81c3380,0x18,0x48,0x1a,0xe0,0x1c,0x0,0xe1,0x0,0x0,0x0,0x0,1,0,0x0,0x0,0x0,0xffff,0xffff,0xffff,0xffff,0xffff,0xffff,0xffff,0xffff,0xffff,0xffff,0xffff,50,0,0,0,0,0,0,0,0,0,0,0,0,0,0,0,0,0,0,0,0,0,0,0,0,0,0,0,0,0,0,0,0,0,0,0,0,0,0,0x0,0x0,0xc5,0x0,0x0,0x0,0x0,0x0,0x0,0x0,0x0,0x0,0x0,0x0,0x0,0x0,0xff,0xff,0x0,0x0,0x0,0x0,0x0,0x0,0x0,0,0x0,255,0,0x0,0x0,0x0
48 Renais shrine,0x81c3380,0x18,0x57,0x1a,0xe2,0x1c,0x0,0xe3,0x0,0x0,0x0,0x0,1,0,0x0,0x0,0x0,0xffff,0xffff,0xffff,0xffff,0xffff,0xffff,0xffff,0xffff,0xffff,0xffff,0xffff,50,0,0,0,0,0,0,0,0,0,0,0,0,0,0,0,0,0,0,0,0,0,0,0,0,0,0,0,0,0,0,0,0,0,0,0,0,0,0,0x0,0x0,0xc5,0x0,0x0,0x0,0x0,0x0,0x0,0x0,0x0,0x0,0x0,0x0,0x0,0x0,0xff,0xff,0x0,0x0,0x0,0x0,0x0,0x0,0x0,0,0x0,255,0,0x0,0x0,0x0
49 Some path,0x81c3380,0x1,0x2,0x3,0xe4,0x5,0x0,0x0,0x0,0x0,0x0,0x0,1,0,0x0,0x0,0x0,0xffff,0xffff,0xffff,0xffff,0xffff,0xffff,0xffff,0xffff,0xffff,0xffff,0xffff,50,0,0,0,0,0,0,0,0,0,0,0,0,0,0,0,0,0,0,0,0,0,0,0,0,0,0,0,0,0,0,0,0,0,0,0,0,0,0,0x0,0x0,0xc5,0x0,0x0,0x0,0x0,0x0,0x0,0x0,0x0,0x0,0x0,0x0,0x0,0x0,0xff,0xff,0x0,0x0,0x0,0x0,0x0,0x0,0x0,0,0x0,255,0,0x0,0x0,0x0
4A Some building,0x81c3380,0x3c,0x68,0x3e,0xe5,0x0,0x0,0x0,0x0,0x0,0x0,0x0,1,0,0x0,0x0,0x0,0xffff,0xffff,0xffff,0xffff,0xffff,0xffff,0xffff,0xffff,0xffff,0xffff,0xffff,50,0,0,0,0,0,0,0,0,0,0,0,0,0,0,0,0,0,0,0,0,0,0,0,0,0,0,0,0,0,0,0,0,0,0,0,0,0,0,0x0,0x0,0xc5,0x0,0x0,0x0,0x0,0x0,0x0,0x0,0x0,0x0,0x0,0x0,0x0,0x0,0xff,0xff,0x0,0x0,0x0,0x0,0x0,0x0,0x0,0,0x0,255,0,0x0,0x0,0x0
4B Another shrine,0x81c3380,0x79,0xe6,0x7b,0xe7,0x7d,0x0,0x0,0x0,0x0,0x0,0x0,1,0,0x0,0x0,0x0,0xffff,0xffff,0xffff,0xffff,0xffff,0xffff,0xffff,0xffff,0xffff,0xffff,0xffff,50,0,0,0,0,0,0,0,0,0,0,0,0,0,0,0,0,0,0,0,0,0,0,0,0,0,0,0,0,0,0,0,0,0,0,0,0,0,0,0x0,0x0,0xc5,0x0,0x0,0x0,0x0,0x0,0x0,0x0,0x0,0x0,0x0,0x0,0x0,0x0,0xff,0xff,0x0,0x0,0x0,0x0,0x0,0x0,0x0,0,0x0,255,0,0x0,0x0,0x0
4C Another path,0x81c3380,0x1,0x2,0x3,0xe8,0x5,0x0,0x0,0x0,0x0,0x0,0x0,1,0,0x0,0x0,0x0,0xffff,0xffff,0xffff,0xffff,0xffff,0xffff,0xffff,0xffff,0xffff,0xffff,0xffff,50,0,0,0,0,0,0,0,0,0,0,0,0,0,0,0,0,0,0,0,0,0,0,0,0,0,0,0,0,0,0,0,0,0,0,0,0,0,0,0x0,0x0,0xc5,0x0,0x0,0x0,0x0,0x0,0x0,0x0,0x0,0x0,0x0,0x0,0x0,0x0,0xff,0xff,0x0,0x0,0x0,0x0,0x0,0x0,0x0,0,0x0,255,0,0x0,0x0,0x0
4D Grado shrine (Present),0x81c3380,0x79,0x7a,0x7b,0xe9,0x7d,0x0,0x0,0x0,0x0,0x0,0x0,1,0,0x0,0x0,0x0,0xffff,0xffff,0xffff,0xffff,0xffff,0xffff,0xffff,0xffff,0xffff,0xffff,0xffff,50,0,0,0,0,0,0,0,0,0,0,0,0,0,0,0,0,0,0,0,0,0,0,0,0,0,0,0,0,0,0,0,0,0,0,0,0,0,0,0x0,0x0,0xc5,0x0,0x0,0x0,0x0,0x0,0x0,0x0,0x0,0x0,0x0,0x0,0x0,0x0,0xff,0xff,0x0,0x0,0x0,0x0,0x0,0x0,0x0,0,0x0,255,0,0x0,0x0,0x0
4E Ch 5 town (Past),0x81c3380,0xe,0xea,0x10,0xeb,0x12,0x0,0x0,0x0,0x0,0x0,0x0,1,0,0x0,0x0,0x0,0xffff,0xffff,0xffff,0xffff,0xffff,0xffff,0xffff,0xffff,0xffff,0xffff,0xffff,50,0,0,0,0,0,0,0,0,0,0,0,0,0,0,0,0,0,0,0,0,0,0,0,0,0,0,0,0,0,0,0,0,0,0,0,0,0,0,0x0,0x0,0xc5,0x0,0x0,0x0,0x0,0x0,0x0,0x0,0x0,0x0,0x0,0x0,0x0,0x0,0xff,0xff,0x0,0x0,0x0,0x0,0x0,0x0,0x0,0,0x0,255,0,0x0,0x0,0x0
